코인 이름,심볼
1000CAT,1000CATUSDT
1000SATS,1000SATSUSDT
1MBABYDOGE,1MBABYDOGEUSDT
ACA,ACAUSDT
ACE,ACEUSDT
ACH,ACHUSDT
ACM,ACMUSDT
ACT,ACTUSDT
ACX,ACXUSDT
ADX,ADXUSDT
AERGO,AERGOUSDT
AEUR,AEURUSDT
AEVO,AEVOUSDT
AGIX,AGIXUSDT
AGLD,AGLDUSDT
AI,AIUSDT
AION,AIONUSDT
AIXBT,AIXBTUSDT
AKRO,AKROUSDT
ALCX,ALCXUSDT
ALICE,ALICEUSDT
ALPACA,ALPACAUSDT
ALPHA,ALPHAUSDT
ALPINE,ALPINEUSDT
ALT,ALTUSDT
AMB,AMBUSDT
AMP,AMPUSDT
ANC,ANCUSDT
ANIME,ANIMEUSDT
ANT,ANTUSDT
ANY,ANYUSDT
APE,APEUSDT
API3,API3USDT
AR,ARUSDT
ARDR,ARDRUSDT
ARKM,ARKMUSDT
ARPA,ARPAUSDT
ASR,ASRUSDT
AST,ASTUSDT
ATA,ATAUSDT
ATM,ATMUSDT
AUCTION,AUCTIONUSDT
AUD,AUDUSDT
AUDIO,AUDIOUSDT
AUTO,AUTOUSDT
AVA,AVAUSDT
AXL,AXLUSDT
BADGER,BADGERUSDT
BAKE,BAKEUSDT
BAL,BALUSDT
BANANA,BANANAUSDT
BAND,BANDUSDT
BAR,BARUSDT
BB,BBUSDT
BCC,BCCUSDT
BCHABC,BCHABCUSDT
BCHSV,BCHSVUSDT
BEAM,BEAMUSDT
BEAMX,BEAMXUSDT
BEAR,BEARUSDT
BEL,BELUSDT
BETA,BETAUSDT
BETH,BETHUSDT
BICO,BICOUSDT
BIFI,BIFIUSDT
BIO,BIOUSDT
BKRW,BKRWUSDT
BLZ,BLZUSDT
BNB,BNBUSDT
BNSOL,BNSOLUSDT
BNT,BNTUSDT
BNX,BNXUSDT
BOME,BOMEUSDT
BOND,BONDUSDT
BONK,BONKUSDT
BSW,BSWUSDT
BTG,BTGUSDT
BTS,BTSUSDT
BTT,BTTUSDT
BTTC,BTTCUSDT
BULL,BULLUSDT
BURGER,BURGERUSDT
BUSD,BUSDUSDT
BZRX,BZRXUSDT
C98,C98USDT
CAKE,CAKEUSDT
CATI,CATIUSDT
CELR,CELRUSDT
CETUS,CETUSUSDT
CFX,CFXUSDT
CGPT,CGPTUSDT
CHESS,CHESSUSDT
CHR,CHRUSDT
CITY,CITYUSDT
CKB,CKBUSDT
CLV,CLVUSDT
COCOS,COCOSUSDT
COMBO,COMBOUSDT
COMP,COMPUSDT
COOKIE,COOKIEUSDT
COS,COSUSDT
COTI,COTIUSDT
COW,COWUSDT
CREAM,CREAMUSDT
CRV,CRVUSDT
CTK,CTKUSDT
CTSI,CTSIUSDT
CTXC,CTXCUSDT
CVP,CVPUSDT
CVX,CVXUSDT
CYBER,CYBERUSDT
D,DUSDT
DAI,DAIUSDT
DAR,DARUSDT
DASH,DASHUSDT
DATA,DATAUSDT
DCR,DCRUSDT
DEGO,DEGOUSDT
DENT,DENTUSDT
DEXE,DEXEUSDT
DF,DFUSDT
DGB,DGBUSDT
DIA,DIAUSDT
DNT,DNTUSDT
DOCK,DOCKUSDT
DODO,DODOUSDT
DOGS,DOGSUSDT
DREP,DREPUSDT
DUSK,DUSKUSDT
DYDX,DYDXUSDT
DYM,DYMUSDT
EDU,EDUUSDT
EGLD,EGLDUSDT
EIGEN,EIGENUSDT
ENA,ENAUSDT
ENJ,ENJUSDT
EPS,EPSUSDT
EPX,EPXUSDT
ERD,ERDUSDT
ERN,ERNUSDT
ETHFI,ETHFIUSDT
EURI,EURIUSDT
FARM,FARMUSDT
FDUSD,FDUSDUSDT
FET,FETUSDT
FIDA,FIDAUSDT
FIL,FILUSDT
FIO,FIOUSDT
FIRO,FIROUSDT
FIS,FISUSDT
FLM,FLMUSDT
FLOKI,FLOKIUSDT
FLUX,FLUXUSDT
FOR,FORUSDT
FORTH,FORTHUSDT
FRONT,FRONTUSDT
FTM,FTMUSDT
FTT,FTTUSDT
FUN,FUNUSDT
FXS,FXSUSDT
G,GUSDT
GAL,GALUSDT
GALA,GALAUSDT
GBP,GBPUSDT
GFT,GFTUSDT
GHST,GHSTUSDT
GLMR,GLMRUSDT
GMX,GMXUSDT
GNO,GNOUSDT
GNS,GNSUSDT
GTC,GTCUSDT
GTO,GTOUSDT
GXS,GXSUSDT
HARD,HARDUSDT
HC,HCUSDT
HFT,HFTUSDT
HIFI,HIFIUSDT
HIGH,HIGHUSDT
HMSTR,HMSTRUSDT
HNT,HNTUSDT
HOOK,HOOKUSDT
HOT,HOTUSDT
ICP,ICPUSDT
ICX,ICXUSDT
IDEX,IDEXUSDT
ILV,ILVUSDT
INJ,INJUSDT
IO,IOUSDT
IOTX,IOTXUSDT
IRIS,IRISUSDT
JASMY,JASMYUSDT
JOE,JOEUSDT
JTO,JTOUSDT
JUP,JUPUSDT
JUV,JUVUSDT
KAIA,KAIAUSDT
KDA,KDAUSDT
KEEP,KEEPUSDT
KEY,KEYUSDT
KLAY,KLAYUSDT
KMD,KMDUSDT
KP3R,KP3RUSDT
KSM,KSMUSDT
LAZIO,LAZIOUSDT
LDO,LDOUSDT
LEND,LENDUSDT
LEVER,LEVERUSDT
LINA,LINAUSDT
LISTA,LISTAUSDT
LIT,LITUSDT
LOKA,LOKAUSDT
LOOM,LOOMUSDT
LPT,LPTUSDT
LQTY,LQTYUSDT
LRC,LRCUSDT
LTC,LTCUSDT
LTO,LTOUSDT
LUMIA,LUMIAUSDT
LUNA,LUNAUSDT
LUNC,LUNCUSDT
MAGIC,MAGICUSDT
MANTA,MANTAUSDT
MATIC,MATICUSDT
MAV,MAVUSDT
MBL,MBLUSDT
MBOX,MBOXUSDT
MC,MCUSDT
MCO,MCOUSDT
MDT,MDTUSDT
MDX,MDXUSDT
ME,MEUSDT
MEME,MEMEUSDT
METIS,METISUSDT
MFT,MFTUSDT
MIR,MIRUSDT
MITH,MITHUSDT
MKR,MKRUSDT
MLN,MLNUSDT
MOB,MOBUSDT
MOVE,MOVEUSDT
MOVR,MOVRUSDT
MTL,MTLUSDT
MULTI,MULTIUSDT
NANO,NANOUSDT
NBS,NBSUSDT
NBT,NBTUSDT
NEBL,NEBLUSDT
NEIRO,NEIROUSDT
NEXO,NEXOUSDT
NFP,NFPUSDT
NKN,NKNUSDT
NMR,NMRUSDT
NOT,NOTUSDT
NPXS,NPXSUSDT
NTRN,NTRNUSDT
NU,NUUSDT
NULS,NULSUSDT
OAX,OAXUSDT
OCEAN,OCEANUSDT
OG,OGUSDT
OGN,OGNUSDT
OM,OMUSDT
OMG,OMGUSDT
OMNI,OMNIUSDT
ONE,ONEUSDT
OOKI,OOKIUSDT
OP,OPUSDT
ORCA,ORCAUSDT
ORDI,ORDIUSDT
ORN,ORNUSDT
OSMO,OSMOUSDT
OXT,OXTUSDT
PAX,PAXUSDT
PAXG,PAXGUSDT
PDA,PDAUSDT
PENDLE,PENDLEUSDT
PENGU,PENGUUSDT
PEOPLE,PEOPLEUSDT
PEPE,PEPEUSDT
PERL,PERLUSDT
PERP,PERPUSDT
PHA,PHAUSDT
PHB,PHBUSDT
PIVX,PIVXUSDT
PIXEL,PIXELUSDT
PLA,PLAUSDT
PNT,PNTUSDT
PNUT,PNUTUSDT
POL,POLUSDT
POLS,POLSUSDT
POLY,POLYUSDT
POND,PONDUSDT
PORTAL,PORTALUSDT
PORTO,PORTOUSDT
PROM,PROMUSDT
PROS,PROSUSDT
PYR,PYRUSDT
PYTH,PYTHUSDT
QI,QIUSDT
QKC,QKCUSDT
QNT,QNTUSDT
QUICK,QUICKUSDT
RAD,RADUSDT
RAMP,RAMPUSDT
RARE,RAREUSDT
RAY,RAYUSDT
RDNT,RDNTUSDT
REEF,REEFUSDT
REI,REIUSDT
REN,RENUSDT
RENDER,RENDERUSDT
REP,REPUSDT
REQ,REQUSDT
REZ,REZUSDT
RGT,RGTUSDT
RIF,RIFUSDT
RLC,RLCUSDT
RNDR,RNDRUSDT
RONIN,RONINUSDT
ROSE,ROSEUSDT
RPL,RPLUSDT
RSR,RSRUSDT
RUNE,RUNEUSDT
RVN,RVNUSDT
S,SUSDT
SAGA,SAGAUSDT
SANTOS,SANTOSUSDT
SCR,SCRUSDT
SCRT,SCRTUSDT
SFP,SFPUSDT
SKL,SKLUSDT
SLF,SLFUSDT
SLP,SLPUSDT
SNX,SNXUSDT
SOLV,SOLVUSDT
SPELL,SPELLUSDT
SRM,SRMUSDT
SSV,SSVUSDT
STG,STGUSDT
STMX,STMXUSDT
STORM,STORMUSDT
STRAT,STRATUSDT
STRK,STRKUSDT
SUN,SUNUSDT
SUPER,SUPERUSDT
SUSD,SUSDUSDT
SUSHI,SUSHIUSDT
SYN,SYNUSDT
SYS,SYSUSDT
TAO,TAOUSDT
TCT,TCTUSDT
THE,THEUSDT
TIA,TIAUSDT
TKO,TKOUSDT
TLM,TLMUSDT
TNSR,TNSRUSDT
TOMO,TOMOUSDT
TON,TONUSDT
TORN,TORNUSDT
TRB,TRBUSDT
TRIBE,TRIBEUSDT
TROY,TROYUSDT
TRU,TRUUSDT
TURBO,TURBOUSDT
TUSD,TUSDUSDT
TVK,TVKUSDT
TWT,TWTUSDT
UFT,UFTUSDT
UMA,UMAUSDT
UNFI,UNFIUSDT
UNI,UNIUSDT
USDC,USDCUSDT
USDP,USDPUSDT
USDS,USDSUSDT
USDSB,USDSBUSDT
UST,USTUSDT
USTC,USTCUSDT
USUAL,USUALUSDT
UTK,UTKUSDT
VANA,VANAUSDT
VANRY,VANRYUSDT
VELODROME,VELODROMEUSDT
VEN,VENUSDT
VGX,VGXUSDT
VIB,VIBUSDT
VIC,VICUSDT
VIDT,VIDTUSDT
VITE,VITEUSDT
VOXEL,VOXELUSDT
VTHO,VTHOUSDT
W,WUSDT
WAN,WANUSDT
WAVES,WAVESUSDT
WAXP,WAXPUSDT
WBETH,WBETHUSDT
WBTC,WBTCUSDT
WIF,WIFUSDT
WIN,WINUSDT
WING,WINGUSDT
WLD,WLDUSDT
WNXM,WNXMUSDT
WOO,WOOUSDT
WRX,WRXUSDT
WTC,WTCUSDT
XAI,XAIUSDT
XEM,XEMUSDT
XMR,XMRUSDT
XNO,XNOUSDT
XVG,XVGUSDT
XVS,XVSUSDT
XZC,XZCUSDT
YFI,YFIUSDT
YFII,YFIIUSDT
YGG,YGGUSDT
ZEC,ZECUSDT
ZEN,ZENUSDT
ZK,ZKUSDT